{
	"info": {
		"_postman_id": "7e0fe368-f0b1-4310-8d23-c94461b9559d",
		"name": "APITesting",
		"schema": "https://schema.getpostman.com/json/collection/v2.0.0/collection.json",
		"_exporter_id": "19963597"
	},
	"item": [
		{
			"name": "StatusCodeAndFormatTesting",
			"item": [
				{
					"name": "Validate Status Code and Response Format",
					"event": [
						{
							"listen": "test",
							"script": {
								"exec": [
									"//Validate Status Code\r",
									"pm.test(\"Status code is 200\", function () {\r",
									"    pm.response.to.have.status(200);\r",
									"});\r",
									"\r",
									"//Validate Response Format\r",
									"pm.test(\"Response should be in JSON format\", function () {\r",
									"    pm.response.to.be.json;\r",
									"});\r",
									""
								],
								"type": "text/javascript",
								"packages": {}
							}
						},
						{
							"listen": "prerequest",
							"script": {
								"exec": [
									""
								],
								"type": "text/javascript",
								"packages": {}
							}
						}
					],
					"request": {
						"auth": {
							"type": "noauth"
						},
						"method": "GET",
						"header": [],
						"url": {
							"raw": "{{Base URL}}?vs_currency=usd",
							"host": [
								"{{Base URL}}"
							],
							"query": [
								{
									"key": "vs_currency",
									"value": "usd"
								}
							]
						}
					},
					"response": []
				}
			]
		},
		{
			"name": "CurrencyDataValidation",
			"item": [
				{
					"name": "Validate Correctness of Currency Data",
					"event": [
						{
							"listen": "test",
							"script": {
								"exec": [
									"//Validate Correctness of Currency Data\r",
									"//Validate at least one cryptocurrency is returned\r",
									"pm.test(\"Validate at least one cryptocurrency is returned\", function () {\r",
									"    let jsonData = pm.response.json();\r",
									"    pm.expect(jsonData.length).to.be.above(0);\r",
									"});\r",
									"\r",
									"//Validate Bitcoin Price\r",
									"pm.test(\"Bitcoin price should be a valid number\", function () {\r",
									"    let jsonData = pm.response.json();\r",
									"    let bitcoin = jsonData.find(coin => coin.id === \"bitcoin\");\r",
									"    pm.expect(bitcoin.current_price).to.be.a('number').and.to.be.above(0);\r",
									"});\r",
									"\r",
									"//Validate Data Updation Within The Last 60 Seconds\r",
									"pm.test(\"Data should be updated within the last 60 seconds\", function () {\r",
									"    let jsonData = pm.response.json();\r",
									"    let lastUpdated = jsonData.find(coin => coin.id === \"bitcoin\").last_updated;\r",
									"    let lastUpdatedTime = new Date(lastUpdated).getTime();\r",
									"    let currentTime = new Date().getTime();\r",
									"    pm.expect(currentTime - lastUpdatedTime).to.be.below(60000); // 60 seconds\r",
									"});\r",
									"\r",
									"//Validate Response Contains Essential Cryptocurrency Fields\r",
									"pm.test(\"Response should contain essential cryptocurrency fields\", function () {\r",
									"    let jsonData = pm.response.json();\r",
									"    pm.expect(jsonData[0]).to.have.property(\"id\");\r",
									"    pm.expect(jsonData[0]).to.have.property(\"symbol\");\r",
									"    pm.expect(jsonData[0]).to.have.property(\"current_price\");\r",
									"});\r",
									"\r",
									""
								],
								"type": "text/javascript",
								"packages": {}
							}
						},
						{
							"listen": "prerequest",
							"script": {
								"exec": [
									""
								],
								"type": "text/javascript",
								"packages": {}
							}
						}
					],
					"request": {
						"auth": {
							"type": "noauth"
						},
						"method": "GET",
						"header": [],
						"url": {
							"raw": "{{Base URL}}?vs_currency=usd",
							"host": [
								"{{Base URL}}"
							],
							"query": [
								{
									"key": "vs_currency",
									"value": "usd"
								}
							]
						}
					},
					"response": []
				}
			]
		},
		{
			"name": "SortingPaginationFiltering",
			"item": [
				{
					"name": "Validate Sorting, pagination, and filtering",
					"event": [
						{
							"listen": "test",
							"script": {
								"exec": [
									"//Validate Sorting\r",
									"//Validate sorting by market cap in ascending order\r",
									"pm.test(\"Validate sorting by market cap in ascending order\", function () {\r",
									"    pm.sendRequest({\r",
									"        url: \"https://api.coingecko.com/api/v3/coins/markets?vs_currency=usd&order=market_cap_asc\",\r",
									"        method: \"GET\"\r",
									"    }, function (err, res) {\r",
									"        let jsonData = res.json();\r",
									"        //Ensure we have enough data to validate sorting\r",
									"        pm.expect(jsonData.length).to.be.above(1);\r",
									"        for (let i = 0; i < jsonData.length - 1; i++) {\r",
									"            pm.expect(jsonData[i].market_cap).to.be.at.most(jsonData[i + 1].market_cap);\r",
									"        }\r",
									"    });\r",
									"});\r",
									"\r",
									"//Validate Pagination\r",
									"//Validate Pagination works correctly for 100 records\r",
									"pm.test(\"Pagination works correctly for 100 records\", function () {\r",
									"    let jsonData = pm.response.json();\r",
									"    pm.expect(jsonData.length).to.equal(100); // Ensure max 100 items per page\r",
									"    pm.expect(jsonData[0]).to.have.property(\"id\"); // Ensure valid data exists\r",
									"});\r",
									"\r",
									"//Validate Page 1 and Page 2 doesn't have duplicate data\r",
									"pm.test(\"Page 1 and Page 2 should not have duplicate data\", function () {\r",
									"    let page1Data = pm.response.json(); // Store Page 1 response\r",
									"    \r",
									"    pm.sendRequest({\r",
									"        url: \"https://api.coingecko.com/api/v3/coins/markets?vs_currency=usd&per_page=100&page=2\",\r",
									"        method: \"GET\"\r",
									"    }, function (err, res) {\r",
									"        let page2Data = res.json();\r",
									"        pm.expect(page1Data[0].id).to.not.equal(page2Data[0].id); //First coin on Page 1 should be different from Page 2\r",
									"    });\r",
									"});\r",
									"\r",
									"//Validate Filtering\r",
									"//Validate Response contains only requested coins (bitcoin)\r",
									"pm.test(\"Response contains only requested coins (bitcoin)\", \r",
									"    function () {\r",
									"    pm.sendRequest({\r",
									"        url: \"https://api.coingecko.com/api/v3/coins/markets?vs_currency=usd&ids=bitcoin\",\r",
									"        method: \"GET\"\r",
									"    },\r",
									"    function (err,res) {\r",
									"    let jsonData = res.json();\r",
									"    let coinIds = jsonData.map(coin => coin.id);\r",
									"    pm.expect(coinIds).to.include(\"bitcoin\");\r",
									"//    pm.expect(coinIds).to.include(\"ethereum\");\r",
									"    pm.expect(coinIds.length).to.equal(1); //Ensure no extra coins\r",
									"});\r",
									"});\r",
									"\r",
									"//vs_currency filtering\r",
									"pm.test(\"Prices should be in the requested currency (usd)\", function () {\r",
									"    let jsonData = pm.response.json();\r",
									"    jsonData.forEach(coin => {\r",
									"        pm.expect(coin).to.have.property(\"current_price\");\r",
									"        pm.expect(coin).to.have.property(\"symbol\");\r",
									"    });\r",
									"});\r",
									"\r",
									"//order filtering\r",
									"pm.test(\"Coins should be sorted by market cap in descending order\", function () {\r",
									"    let jsonData = pm.response.json();\r",
									"    for (let i = 0; i < jsonData.length - 1; i++) {\r",
									"        pm.expect(jsonData[i].market_cap).to.be.at.least(jsonData[i + 1].market_cap);\r",
									"    }\r",
									"});\r",
									"\r",
									"//invalid filters(invalid coin id)\r",
									"pm.test(\"Invalid coin ID should return an empty response\", \r",
									"    function () {\r",
									"    pm.sendRequest({\r",
									"        url: \"https://api.coingecko.com/api/v3/coins/markets?vs_currency=usd&ids=invalid_coin_id\",\r",
									"        method: \"GET\"\r",
									"    },\r",
									"    function (err,res) {\r",
									"    let jsonData = res.json();\r",
									"    pm.expect(jsonData).to.be.an(\"array\").that.is.empty;\r",
									"});\r",
									"});\r",
									""
								],
								"type": "text/javascript",
								"packages": {}
							}
						},
						{
							"listen": "prerequest",
							"script": {
								"exec": [
									""
								],
								"type": "text/javascript",
								"packages": {}
							}
						}
					],
					"request": {
						"auth": {
							"type": "noauth"
						},
						"method": "GET",
						"header": [],
						"url": {
							"raw": "{{Base URL}}?vs_currency=usd",
							"host": [
								"{{Base URL}}"
							],
							"query": [
								{
									"key": "vs_currency",
									"value": "usd"
								}
							]
						}
					},
					"response": []
				}
			]
		},
		{
			"name": "RateLimitingAndPerformace",
			"item": [
				{
					"name": "Validate Rate limiting and performance",
					"event": [
						{
							"listen": "test",
							"script": {
								"exec": [
									"//Validate Rate Limiting\r",
									"//Validate API returns 429 Too Many Requests\r",
									"pm.test(\"API should not return 429 Too Many Requests\", function () {\r",
									"    pm.expect(pm.response.code).not.to.equal(429);\r",
									"});\r",
									"\r",
									"//Validate Rate Limiting Handling\r",
									"pm.test(\"Handle rate limit (Retry if 429 received)\", function () {\r",
									"    if (pm.response.code === 429) {\r",
									"        console.log(\"Rate limit exceeded. Retrying in 5 seconds...\");\r",
									"        setTimeout(() => {\r",
									"            pm.sendRequest(pm.request);\r",
									"        }, 5000);\r",
									"    }\r",
									"});\r",
									"\r",
									"//Validate Performance\r",
									"pm.test(\"Response time is less than 200ms\", function () {\r",
									"    pm.expect(pm.response.responseTime).to.be.below(200);\r",
									"});\r",
									""
								],
								"type": "text/javascript",
								"packages": {}
							}
						},
						{
							"listen": "prerequest",
							"script": {
								"exec": [
									""
								],
								"type": "text/javascript",
								"packages": {}
							}
						}
					],
					"request": {
						"auth": {
							"type": "noauth"
						},
						"method": "GET",
						"header": [],
						"url": {
							"raw": "{{Base URL}}?vs_currency=usd",
							"host": [
								"{{Base URL}}"
							],
							"query": [
								{
									"key": "vs_currency",
									"value": "usd"
								}
							]
						}
					},
					"response": []
				}
			]
		},
		{
			"name": "SecurityTesting",
			"item": [
				{
					"name": "Validate Security Testing(SQL Injection)",
					"event": [
						{
							"listen": "test",
							"script": {
								"exec": [
									"//Validate Security testing\r",
									"//SQL Injection\r",
									"pm.test(\"API should not be vulnerable to SQL Injection\", function () {\r",
									"    pm.expect(pm.response.code).to.be.oneOf([403, 400, 422]); //Ensure rejection\r",
									"});"
								],
								"type": "text/javascript",
								"packages": {}
							}
						},
						{
							"listen": "prerequest",
							"script": {
								"exec": [
									""
								],
								"type": "text/javascript",
								"packages": {}
							}
						}
					],
					"request": {
						"auth": {
							"type": "noauth"
						},
						"method": "GET",
						"header": [],
						"url": {
							"raw": "{{Base URL}}?vs_currency=usd&ids=bitcoin' OR '1'='1'",
							"host": [
								"{{Base URL}}"
							],
							"query": [
								{
									"key": "vs_currency",
									"value": "usd"
								},
								{
									"key": "ids",
									"value": "bitcoin' OR '1'='1'"
								}
							]
						}
					},
					"response": []
				},
				{
					"name": "Validate Security Testing (XSS )",
					"event": [
						{
							"listen": "test",
							"script": {
								"exec": [
									"//Validate Security testing\r",
									"//XSS Protection\r",
									"pm.test(\"API should not execute XSS scripts\", function () {\r",
									"    let contentType = pm.response.headers.get(\"Content-Type\") || \"\";\r",
									"\r",
									"    if (contentType.includes(\"application/json\")) {\r",
									"        let responseBody = pm.response.json();\r",
									"        pm.expect(JSON.stringify(responseBody)).to.not.include(\"<script>\");\r",
									"    } else {\r",
									"        pm.expect(pm.response.code).to.be.oneOf([403, 400, 422]); //Ensure rejection\r",
									"    }\r",
									"});\r",
									""
								],
								"type": "text/javascript",
								"packages": {}
							}
						},
						{
							"listen": "prerequest",
							"script": {
								"exec": [
									""
								],
								"type": "text/javascript",
								"packages": {}
							}
						}
					],
					"request": {
						"auth": {
							"type": "noauth"
						},
						"method": "GET",
						"header": [],
						"url": {
							"raw": "{{Base URL}}?vs_currency=<script>alert(1)</script>",
							"host": [
								"{{Base URL}}"
							],
							"query": [
								{
									"key": "vs_currency",
									"value": "<script>alert(1)</script>"
								}
							]
						}
					},
					"response": []
				},
				{
					"name": "Validate Security Testing (Invalid Parameters)",
					"event": [
						{
							"listen": "test",
							"script": {
								"exec": [
									"//Validate Security testing\r",
									"//Invalid Parameters\r",
									"pm.test(\"API should return an error for invalid parameters\", function () {\r",
									"    pm.expect(pm.response.code).to.be.oneOf([400, 422]); //Expect a client-side error\r",
									"    pm.expect(pm.response.text()).to.include(\"invalid\");\r",
									"});"
								],
								"type": "text/javascript",
								"packages": {}
							}
						},
						{
							"listen": "prerequest",
							"script": {
								"exec": [
									""
								],
								"type": "text/javascript",
								"packages": {}
							}
						}
					],
					"request": {
						"auth": {
							"type": "noauth"
						},
						"method": "GET",
						"header": [],
						"url": {
							"raw": "{{Base URL}}?vs_currency=abcxyz",
							"host": [
								"{{Base URL}}"
							],
							"query": [
								{
									"key": "vs_currency",
									"value": "abcxyz"
								}
							]
						}
					},
					"response": []
				}
			]
		}
	]
}